Accuracy,Precision,Recall,F1 Score,Confusion Matrix
0.9632352941176471,0.9436619718309859,0.9852941176470589,0.9640287769784173,"[[128, 8], [2, 134]]"
