Accuracy,Precision,Recall,F1 Score,Confusion Matrix
0.6384976525821596,0.6384976525821596,1.0,0.7793696275071633,"[[0, 77], [0, 136]]"
