Accuracy,Precision,Recall,F1 Score,Confusion Matrix
0.7417840375586855,0.7288135593220338,0.9485294117647058,0.8242811501597445,"[[29, 48], [7, 129]]"
