Epoch,Training Loss,Training Accuracy,Validation Loss,Validation Accuracy
1,0.30383948041912495,0.9053916581892166,0.027580700624658137,1.0
2,0.02633289779448315,1.0,0.012819664689655206,1.0
3,0.008078418002252601,1.0,0.005312962164836271,1.0
4,0.004650762726980075,1.0,0.003289840942514794,1.0
5,0.002766646551975406,1.0,0.0021494788526348315,1.0
6,0.0018741556999651622,1.0,0.0015540373036447837,1.0
