Epoch,Training Loss,Validation Accuracy
1,0.04193419501137432,0.46506119226213977
